;Abruzzo;Abruzzo
;Alto Adige;Alto Adige
Altro;Altro;Altro
Austria;Austria;Austria
;Basilicata;Basilicata
;Calabria;Calabria
;Campania;Campania
;Canada;Canada
;Cile;Cile
;Cina;Cina
Emilia Romagna;Emilia Romagna;Emilia Romagna
Francia;Francia;Francia
Friuli Venezia Giulia;Friuli - Venezia Giulia;Friuli Venezia Giulia
;Germania;Germania
;Grecia;Grecia
;Islanda;Islanda
;Lazio;Lazio
Liguria;Liguria;Liguria
Lombardia;Lombardia;Lombardia
;Marche;Marche
;Marocco;Marocco
;Molise;Molise
;Norvegia;Norvegia
;Nuova Zelanda;Nuova Zelanda
Piemonte;Piemonte;Piemonte
;Polonia;Polonia
;Russia;Russia
Sardegna;;Sardegna
;Sicilia;Sicilia
;Slovacchia;Slovacchia
Slovenia;Slovenia;Slovenia
;Spagna;Spagna
;Stati Uniti;Stati Uniti
;Svezia;Svezia
Svizzera;Svizzera;Svizzera
;Toscana;Toscana
Trentino Alto Adige;Trentino;Trentino
;Umbria;Umbria
Valle d'Aosta;Valle d'Aosta;Valle d'Aosta
Veneto;Veneto;Veneto